,,,,,Receiving,Receiving,Receiving,Receiving,Rushing,Rushing,Rushing,Rushing,Scrimmage,Scrimmage,Scrimmage,Scrimmage
Rk,Player,School,Conf,G,Rec,Yds,Avg,TD,Att,Yds,Avg,TD,Plays,Yds,Avg,TD
1,Devonte Boyd\devonte-boyd-1,UNLV,MWC,2,6,208,34.7,2,0,0,,0,6,208,34.7,2
2,Izaiah Lottie\izaiah-lottie-1,New Mexico State,Sun Belt,2,6,191,31.8,4,0,0,,0,6,191,31.8,4
3,Denzel Mims\denzel-mims-1,Baylor,Big 12,3,7,214,30.6,3,0,0,,0,7,214,30.6,3
4,Cole Herdman\cole-herdman-1,Purdue,Big Ten,3,7,200,28.6,1,0,0,,0,7,200,28.6,1
5,James Washington\james-washington-5,Oklahoma State,Big 12,3,13,367,28.2,3,1,-1,-1.0,0,14,366,26.1,3
6,Chris Platt\chris-platt-1,Baylor,Big 12,3,11,308,28.0,4,4,37,9.3,0,15,345,23.0,4
7,J'Mon Moore\jmon-moore-2,Missouri,SEC,3,10,277,27.7,2,0,0,,0,10,277,27.7,2
8,Ricky Jeune\ricky-jeune-1,Georgia Tech,ACC,2,4,105,26.3,2,0,0,,0,4,105,26.3,2
9,Andre Levrone\andre-levrone-1,Virginia,ACC,3,8,207,25.9,2,0,0,,0,8,207,25.9,2
10,Trevon Brown\trevon-brown-1,East Carolina,American,3,10,253,25.3,2,0,0,,0,10,253,25.3,2
11,Akrum Wadley\akrum-wadley-1,Iowa,Big Ten,3,6,152,25.3,1,60,258,4.3,1,66,410,6.2,2
12,Diontae Johnson\diontae-johnson-1,Toledo,MAC,3,12,297,24.8,3,0,0,,0,12,297,24.8,3
13,Marquez Callaway\marquez-callaway-1,Tennessee,SEC,3,8,198,24.8,3,0,0,,0,8,198,24.8,3
14,Datrin Guyton\datrin-guyton-1,Bowling Green State,MAC,3,10,245,24.5,0,0,0,,0,10,245,24.5,0
15,Dredrick Snelson\dredrick-snelson-1,UCF,American,1,4,98,24.5,0,0,0,,0,4,98,24.5,0
16,A.J. Brown\aj-brown-4,Ole Miss,SEC,2,16,389,24.3,4,0,0,,0,16,389,24.3,4
17,Byron Pringle\byron-pringle-1,Kansas State,Big 12,2,6,146,24.3,1,1,15,15.0,0,7,161,23.0,1
18,Tre'Quan Smith\trequan-smith-1,UCF,American,1,3,72,24.0,2,0,0,,0,3,72,24.0,2
19,DeAndre McNeal\deandre-mcneal-2,Florida Atlantic,CUSA,3,11,261,23.7,2,0,0,,0,11,261,23.7,2
20,Tamarion Johnson\tamarion-johnson-1,Minnesota,Big Ten,3,12,282,23.5,2,0,0,,0,12,282,23.5,2
21,Jalen Guyton\jalen-guyton-1,North Texas,CUSA,3,8,185,23.1,3,0,0,,0,8,185,23.1,3
22,C.J. Conrad\cj-conrad-1,Kentucky,SEC,3,7,161,23.0,2,0,0,,0,7,161,23.0,2
23,Collin Johnson\collin-johnson-1,Texas,Big 12,3,16,366,22.9,1,0,0,,0,16,366,22.9,1
24,Derrick Willies\derrick-willies-1,Texas Tech,Big 12,2,8,182,22.8,2,1,0,0.0,0,9,182,20.2,2
25,Thomas Owens\thomas-owens-1,Florida International,CUSA,2,7,158,22.6,1,0,0,,0,7,158,22.6,1
26,Jordan Akins\jordan-akins-1,UCF,American,1,2,45,22.5,1,0,0,,0,2,45,22.5,1
27,Terry Godwin\terry-godwin-1,Georgia,SEC,3,6,134,22.3,3,0,0,,0,6,134,22.3,3
28,Saquon Barkley\saquon-barkley-1,Penn State,Big Ten,3,11,241,21.9,2,38,307,8.1,3,49,548,11.2,5
29,James Proche\james-proche-1,SMU,American,3,7,152,21.7,1,0,0,,0,7,152,21.7,1
30,Darrell Langham\darrell-langham-1,Miami (FL),ACC,1,3,65,21.7,1,0,0,,0,3,65,21.7,1
31,Jamarius Way\jamarius-way-1,South Alabama,Sun Belt,3,9,193,21.4,1,1,-9,-9.0,0,10,184,18.4,1
32,Justin McInnis\justin-mcinnis-1,Arkansas State,Sun Belt,2,5,106,21.2,1,0,0,,0,5,106,21.2,1
33,Dez Fitzpatrick\dez-fitzpatrick-1,Louisville,ACC,3,10,211,21.1,4,0,0,,0,10,211,21.1,4
34,Jalen Reagor\jalen-reagor-1,Texas Christian,Big 12,3,6,126,21.0,1,0,0,,0,6,126,21.0,1
35,Marquise Brown\marquise-brown-1,Oklahoma,Big 12,2,9,187,20.8,1,0,0,,0,9,187,20.8,1
36,Auden Tate\auden-tate-1,Florida State,ACC,1,2,41,20.5,1,0,0,,0,2,41,20.5,1
37,Delane Hart-Johnson\delane-hart-johnson-1,New Mexico,MWC,3,7,143,20.4,0,0,0,,0,7,143,20.4,0
38,D.J. Chark\dj-chark-1,LSU,SEC,3,10,203,20.3,0,2,11,5.5,0,12,214,17.8,0
39,Jordan Lasley\jordan-lasley-1,UCLA,Pac-12,2,8,162,20.3,2,1,5,5.0,0,9,167,18.6,2
40,Steven Sims Jr.\steven-sims-jr-1,Kansas,Big 12,2,10,202,20.2,2,1,-3,-3.0,0,11,199,18.1,2
41,Javon Wims\javon-wims-1,Georgia,SEC,3,6,121,20.2,1,0,0,,0,6,121,20.2,1
42,Traveon Samuel\traveon-samuel-1,Louisville,ACC,3,8,161,20.1,0,1,10,10.0,0,9,171,19.0,0
43,Isaiah Wright\isaiah-wright-1,Temple,American,3,9,180,20.0,1,1,9,9.0,0,10,189,18.9,1
44,McLane Mannix\mclane-mannix-1,Nevada,MWC,3,15,297,19.8,3,1,1,1.0,0,16,298,18.6,3
45,Turner Smiley\turner-smiley-1,North Texas,CUSA,2,8,158,19.8,0,0,0,,0,8,158,19.8,0
46,Elijah King\elijah-king-1,Texas State,Sun Belt,2,10,197,19.7,0,0,0,,0,10,197,19.7,0
47,Gerold Bright\gerold-bright-1,Utah State,MWC,3,6,118,19.7,1,0,0,,0,6,118,19.7,1
48,Tyre Brady\tyre-brady-1,Marshall,CUSA,3,19,373,19.6,2,0,0,,0,19,373,19.6,2
49,Trent Sherfield\trent-sherfield-1,Vanderbilt,SEC,3,12,234,19.5,1,0,0,,0,12,234,19.5,1
50,Jalen Harvey\jalen-harvey-2,Arizona State,Pac-12,3,8,152,19.0,1,0,0,,0,8,152,19.0,1
51,DeMarkus Lodge\demarkus-lodge-1,Ole Miss,SEC,3,15,284,18.9,4,0,0,,0,15,284,18.9,4
52,Anthony Miller\anthony-miller-6,Memphis,American,2,11,208,18.9,2,3,15,5.0,0,14,223,15.9,2
53,Quez Watkins\quez-watkins-1,Southern Mississippi,CUSA,3,8,151,18.9,1,0,0,,0,8,151,18.9,1
54,Jay Griffin IV\jay-griffin-iv-1,New Mexico,MWC,3,7,131,18.7,2,2,68,34.0,1,9,199,22.1,3
55,Jeff Badet\jeff-badet-1,Oklahoma,Big 12,3,10,186,18.6,0,3,7,2.3,0,13,193,14.8,0
56,Sergio Bailey\sergio-bailey-1,Eastern Michigan,MAC,2,10,185,18.5,0,0,0,,0,10,185,18.5,0
57,Johnathon Johnson\johnathon-johnson-2,Missouri,SEC,3,8,148,18.5,2,0,0,,0,8,148,18.5,2
58,Markis McCray\markis-mccray-1,Louisiana-Monroe,Sun Belt,2,4,74,18.5,0,0,0,,0,4,74,18.5,0
59,Travis Fulgham\travis-fulgham-1,Old Dominion,CUSA,2,10,183,18.3,1,0,0,,0,10,183,18.3,1
60,Adonis Jennings\adonis-jennings-1,Temple,American,3,8,146,18.3,1,0,0,,0,8,146,18.3,1
61,Ben Skowronek\ben-skowronek-1,Northwestern,Big Ten,3,12,218,18.2,2,0,0,,0,12,218,18.2,2
62,Deangleo Antoine\deangleo-antoine-1,South Florida,American,2,6,109,18.2,1,3,46,15.3,0,9,155,17.2,1
63,Royce Freeman\royce-freeman-1,Oregon,Pac-12,3,6,109,18.2,0,82,460,5.6,9,88,569,6.5,9
64,Marcell Ateman\marcell-ateman-1,Oklahoma State,Big 12,3,13,235,18.1,3,0,0,,0,13,235,18.1,3
65,DaeSean Hamilton\daesean-hamilton-1,Penn State,Big Ten,3,9,163,18.1,1,0,0,,0,9,163,18.1,1
66,Mark Andrews\mark-andrews-1,Oklahoma,Big 12,3,13,233,17.9,1,0,0,,0,13,233,17.9,1
67,JD Spielman\jd-spielman-1,Nebraska,Big Ten,3,7,125,17.9,0,2,1,0.5,0,9,126,14.0,0
68,Cody Thompson\cody-thompson-1,Toledo,MAC,3,22,391,17.8,4,0,0,,0,22,391,17.8,4
69,CeeDee Lamb\ceedee-lamb-1,Oklahoma,Big 12,3,12,213,17.8,3,0,0,,0,12,213,17.8,3
70,Kalija Lipscomb\kalija-lipscomb-1,Vanderbilt,SEC,3,6,106,17.7,3,1,5,5.0,0,7,111,15.9,3
71,Anthony Johnson\anthony-johnson-13,Buffalo,MAC,3,16,282,17.6,2,2,3,1.5,0,18,285,15.8,2
72,John Humphrey\john-humphrey-1,Arizona State,Pac-12,1,7,123,17.6,1,0,0,,0,7,123,17.6,1
73,James Gardner\james-gardner-1,Miami (OH),MAC,2,13,228,17.5,2,0,0,,0,13,228,17.5,2
74,JaQuan Blackwell\jaquan-blackwell-1,San Jose State,MWC,3,10,175,17.5,1,0,0,,0,10,175,17.5,1
75,Taivon Jacobs\taivon-jacobs-1,Maryland,Big Ten,2,8,140,17.5,1,0,0,,0,8,140,17.5,1
76,Dante Pettis\dante-pettis-1,Washington,Pac-12,3,12,209,17.4,3,0,0,,0,12,209,17.4,3
77,Cedric Wilson\cedric-wilson-3,Boise State,MWC,3,16,276,17.3,2,0,0,,0,16,276,17.3,2
78,Vic Wharton\vic-wharton-1,California,Pac-12,3,15,259,17.3,2,0,0,,0,15,259,17.3,2
79,Jonathan Duhart\jonathan-duhart-1,Old Dominion,CUSA,2,7,121,17.3,2,0,0,,0,7,121,17.3,2
80,Jaylen Smith\jaylen-smith-1,Louisville,ACC,3,22,379,17.2,2,0,0,,0,22,379,17.2,2
81,Johnny Johnson III\johnny-johnson-iii-1,Oregon,Pac-12,3,10,172,17.2,0,0,0,,0,10,172,17.2,0
82,Arkeel Newsome\arkeel-newsome-1,Connecticut,American,2,5,85,17.0,0,14,17,1.2,0,19,102,5.4,0
83,Brady Jones\brady-jones-2,UTSA,CUSA,2,4,68,17.0,0,0,0,,0,4,68,17.0,0
84,Todd Boyd\todd-boyd-1,Georgia State,Sun Belt,2,4,68,17.0,0,0,0,,0,4,68,17.0,0
85,Keke Coutee\keke-coutee-1,Texas Tech,Big 12,2,17,285,16.8,3,0,0,,0,17,285,16.8,3
86,Courtland Sutton\courtland-sutton-1,SMU,American,3,11,185,16.8,5,0,0,,0,11,185,16.8,5
87,Will Hastings\will-hastings-1,Auburn,SEC,3,9,151,16.8,1,0,0,,0,9,151,16.8,1
88,Deebo Samuel\deebo-samuel-1,South Carolina,SEC,3,15,250,16.7,3,2,30,15.0,1,17,280,16.5,4
89,Andrew Meyer\andrew-meyer-1,Ohio,MAC,2,7,117,16.7,1,0,0,,0,7,117,16.7,1
90,Carl Tucker\carl-tucker-1,North Carolina,ACC,3,6,100,16.7,0,0,0,,0,6,100,16.7,0
91,Jonathan Nance\jonathan-nance-1,Arkansas,SEC,2,6,100,16.7,1,1,12,12.0,0,7,112,16.0,1
92,Stanley Morgan Jr.\stanley-morgan-jr-1,Nebraska,Big Ten,3,18,299,16.6,3,1,2,2.0,0,19,301,15.8,3
93,Hergy Mayala\hergy-mayala-1,Connecticut,American,2,11,183,16.6,3,0,0,,0,11,183,16.6,3
94,Tyrie Cleveland\tyrie-cleveland-1,Florida,SEC,2,9,149,16.6,1,1,4,4.0,0,10,153,15.3,1
95,Brendan Cope\brendan-cope-1,Ohio,MAC,3,8,133,16.6,0,0,0,,0,8,133,16.6,0
96,Donavan Hale\donavan-hale-1,Indiana,Big Ten,2,7,116,16.6,1,0,0,,0,7,116,16.6,1
97,Devin Ross\devin-ross-2,Colorado,Pac-12,3,14,231,16.5,1,0,0,,0,14,231,16.5,1
98,Aaron Young\aaron-young-3,Duke,ACC,2,8,132,16.5,1,0,0,,0,8,132,16.5,1
99,D.J. Moore\dj-moore-3,Maryland,Big Ten,2,14,230,16.4,3,1,21,21.0,1,15,251,16.7,4
100,Dylan Cantrell\dylan-cantrell-1,Texas Tech,Big 12,2,12,195,16.3,2,1,3,3.0,1,13,198,15.2,3
101,Marchie Murdock\marchie-murdock-1,Iowa State,Big 12,3,8,130,16.3,2,0,0,,0,8,130,16.3,2
102,Charles Nelson\charles-nelson-2,Oregon,Pac-12,3,15,243,16.2,1,6,19,3.2,1,21,262,12.5,2
103,Julian Williams\julian-williams-2,Florida International,CUSA,2,11,178,16.2,0,0,0,,0,11,178,16.2,0
104,Deontay Burnett\deontay-burnett-1,USC,Pac-12,3,24,386,16.1,4,1,3,3.0,0,25,389,15.6,4
105,Bailey Gaither\bailey-gaither-1,San Jose State,MWC,4,18,290,16.1,4,0,0,,0,18,290,16.1,4
106,Korey Robertson\korey-robertson-1,Southern Mississippi,CUSA,3,13,209,16.1,4,0,0,,0,13,209,16.1,4
107,John Ursua\john-ursua-1,Hawaii,MWC,2,22,351,16.0,2,0,0,,0,22,351,16.0,2
108,Tabari Hines\tabari-hines-1,Wake Forest,ACC,3,11,176,16.0,0,1,-4,-4.0,0,12,172,14.3,0
109,Keith Mixon\keith-mixon-1,Mississippi State,SEC,3,7,112,16.0,1,0,0,,0,7,112,16.0,1
110,Sa'Mory Collier\samory-collier-1,South Alabama,Sun Belt,3,7,112,16.0,1,0,0,,0,7,112,16.0,1
111,Collin Lisa\collin-lisa-1,UAB,CUSA,3,6,96,16.0,0,0,0,,0,6,96,16.0,0
112,Jay MacIntyre\jay-macintyre-1,Colorado,Pac-12,3,6,96,16.0,1,0,0,,0,6,96,16.0,1
113,Steven Mitchell\steven-mitchell-1,USC,Pac-12,3,14,223,15.9,2,0,0,,0,14,223,15.9,2
114,Siaosi Wilson\siaosi-wilson-1,Utah,Pac-12,3,8,127,15.9,0,0,0,,0,8,127,15.9,0
115,Gary Jennings\gary-jennings-1,West Virginia,Big 12,3,23,363,15.8,1,0,0,,0,23,363,15.8,1
116,Cameron Odom\cameron-odom-1,Ohio,MAC,3,8,126,15.8,1,0,0,,0,8,126,15.8,1
117,Deon Cain\deon-cain-1,Clemson,ACC,3,8,126,15.8,1,0,0,,0,8,126,15.8,1
118,Shun Brown\shun-brown-1,Arizona,Pac-12,3,8,126,15.8,1,0,0,,0,8,126,15.8,1
119,Sam Harris\sam-harris-2,South Alabama,Sun Belt,3,6,95,15.8,0,0,0,,0,6,95,15.8,0
120,Darren Andrews\darren-andrews-1,UCLA,Pac-12,3,26,409,15.7,6,1,8,8.0,0,27,417,15.4,6
121,Darren Carrington\darren-carrington-1,Utah,Pac-12,3,26,409,15.7,4,0,0,,0,26,409,15.7,4
122,Troy Fumagalli\troy-fumagalli-2,Wisconsin,Big Ten,3,15,236,15.7,3,0,0,,0,15,236,15.7,3
123,C.J. Johnson\cj-johnson-4,Wyoming,MWC,3,10,157,15.7,1,1,-1,-1.0,0,11,156,14.2,1
124,Brycen Hopkins\brycen-hopkins-1,Purdue,Big Ten,3,9,141,15.7,2,0,0,,0,9,141,15.7,2
125,Lawrence Cager\lawrence-cager-1,Miami (FL),ACC,1,3,47,15.7,1,0,0,,0,3,47,15.7,1
126,Trey Quinn\trey-quinn-1,SMU,American,3,17,265,15.6,2,0,0,,0,17,265,15.6,2
127,Hakeem Butler\hakeem-butler-1,Iowa State,Big 12,3,15,234,15.6,3,0,0,,0,15,234,15.6,3
128,Josh Hammond\josh-hammond-1,Florida,SEC,2,6,93,15.5,0,0,0,,0,6,93,15.5,0
129,Cam Phillips\cam-phillips-1,Virginia Tech,ACC,3,27,417,15.4,5,0,0,,0,27,417,15.4,5
130,Adam Breneman\adam-breneman-1,Massachusetts,Ind,4,24,369,15.4,0,0,0,,0,24,369,15.4,0
131,D.K. Metcalf\dk-metcalf-1,Ole Miss,SEC,3,16,246,15.4,2,0,0,,0,16,246,15.4,2
132,Keith Kirkwood\keith-kirkwood-1,Temple,American,3,12,185,15.4,2,0,0,,0,12,185,15.4,2
133,Mason Hays\mason-hays-1,Texas State,Sun Belt,3,7,108,15.4,1,2,-1,-0.5,0,9,107,11.9,1
134,Andy Isabella\andy-isabella-1,Massachusetts,Ind,4,20,306,15.3,3,5,47,9.4,1,25,353,14.1,4
135,Mark Chapman\mark-chapman-2,Central Michigan,MAC,3,20,306,15.3,3,0,0,,0,20,306,15.3,3
136,Workpeh Kofa\workpeh-kofa-1,Charlotte,CUSA,2,9,138,15.3,1,0,0,,0,9,138,15.3,1
137,Rico Dowdle\rico-dowdle-1,South Carolina,SEC,3,6,92,15.3,1,34,98,2.9,1,40,190,4.8,2
138,Ryan Izzo\ryan-izzo-1,Florida State,ACC,1,3,46,15.3,0,0,0,,0,3,46,15.3,0
139,Allen Staggers\allen-staggers-1,Southern Mississippi,CUSA,3,9,137,15.2,2,0,0,,0,9,137,15.2,2
140,Kwadarrius Smith\kwadarrius-smith-1,Akron,MAC,3,9,137,15.2,1,0,0,,0,9,137,15.2,1
141,Justin Hobbs\justin-hobbs-1,Tulsa,American,3,16,242,15.1,1,0,0,,0,16,242,15.1,1
142,Lucky Jackson\lucky-jackson-1,Western Kentucky,CUSA,3,13,196,15.1,1,0,0,,0,13,196,15.1,1
143,Papi White\papi-white-1,Ohio,MAC,3,10,150,15.0,1,1,0,0.0,0,11,150,13.6,1
144,Juwan Johnson\juwan-johnson-1,Penn State,Big Ten,4,7,105,15.0,0,0,0,,0,7,105,15.0,0
145,Terry Juniel\terry-juniel-1,UTEP,CUSA,3,7,105,15.0,0,0,0,,0,7,105,15.0,0
146,Austin Proehl\austin-proehl-1,North Carolina,ACC,3,15,223,14.9,1,0,0,,0,15,223,14.9,1
147,Jalen McCleskey\jalen-mccleskey-1,Oklahoma State,Big 12,3,12,179,14.9,3,0,0,,0,12,179,14.9,3
148,Kerry Thomas\kerry-thomas-1,UTSA,CUSA,2,9,134,14.9,2,0,0,,0,9,134,14.9,2
149,David Sills\david-sills-1,West Virginia,Big 12,3,18,266,14.8,5,0,0,,0,18,266,14.8,5
150,Josh Stewart\josh-stewart-3,Tulsa,American,3,6,89,14.8,0,0,0,,0,6,89,14.8,0
151,Olabisi Johnson\olabisi-johnson-1,Colorado State,MWC,4,16,235,14.7,0,0,0,,0,16,235,14.7,0
152,Jeremiah Booker\jeremiah-booker-1,Kansas,Big 12,3,11,162,14.7,1,0,0,,0,11,162,14.7,1
153,Joey Magnifico\joey-magnifico-1,Memphis,American,2,7,103,14.7,1,0,0,,0,7,103,14.7,1
154,Will Dissly\will-dissly-1,Washington,Pac-12,2,6,88,14.7,2,0,0,,0,6,88,14.7,2
155,Calvin Ridley\calvin-ridley-1,Alabama,SEC,3,15,219,14.6,2,1,13,13.0,0,16,232,14.5,2
156,Parris Campbell\parris-campbell-1,Ohio State,Big Ten,3,15,217,14.5,1,3,32,10.7,0,18,249,13.8,1
157,A.J. Coney\aj-coney-1,Akron,MAC,3,8,116,14.5,1,0,0,,0,8,116,14.5,1
158,Dimitri Flowers\dmitri-flowers-1,Oklahoma,Big 12,2,8,116,14.5,1,2,5,2.5,1,10,121,12.1,2
159,Marquez Valdes-Scantling\marquez-valdes-scantling-1,South Florida,American,3,14,202,14.4,2,1,3,3.0,0,15,205,13.7,2
160,Kyle Williams\kyle-williams-8,Arizona State,Pac-12,3,14,200,14.3,2,0,0,,0,14,200,14.3,2
161,Ben Johnson\ben-johnson-2,Kansas,Big 12,3,12,172,14.3,1,0,0,,0,12,172,14.3,1
162,Jalen Virgil\jalen-virgil-1,Appalachian State,Sun Belt,3,6,86,14.3,1,0,0,,0,6,86,14.3,1
163,Sadiq Palmer\sadiq-palmer-1,Massachusetts,Ind,4,17,239,14.1,0,0,0,,0,17,239,14.1,0
164,Equanimeous St. Brown\equanimeous-st-brown-1,Notre Dame,Ind,3,7,99,14.1,1,0,0,,0,7,99,14.1,1
165,Desmon White\desmon-white-1,Texas Christian,Big 12,3,9,126,14.0,2,0,0,,0,9,126,14.0,2
166,Brittain Brown\brittain-brown-1,Duke,ACC,3,6,84,14.0,0,42,238,5.7,2,48,322,6.7,2
167,Chico McClatcher\chico-mcclatcher-1,Washington,Pac-12,2,6,84,14.0,0,1,-6,-6.0,0,7,78,11.1,0
168,Tony Pollard\tony-pollard-1,Memphis,American,2,4,56,14.0,1,3,6,2.0,0,7,62,8.9,1
169,Doni Dowling\doni-dowling-1,Virginia,ACC,3,17,236,13.9,1,0,0,,0,17,236,13.9,1
170,Jared Pinkney\jared-pinkney-1,Vanderbilt,SEC,3,9,125,13.9,2,0,0,,0,9,125,13.9,2
171,Thomas Jackson\thomas-jackson-4,North Carolina,ACC,3,7,97,13.9,2,0,0,,0,7,97,13.9,2
172,Keenan Barnes\keenan-barnes-1,Louisiana-Lafayette,Sun Belt,3,21,290,13.8,1,0,0,,0,21,290,13.8,1
173,Ray-Ray McCloud\ray-ray-mccloud-1,Clemson,ACC,3,16,220,13.8,1,0,0,,0,16,220,13.8,1
174,Michael Lawrence\michael-lawrence-1,North Texas,CUSA,3,13,179,13.8,1,0,0,,0,13,179,13.8,1
175,Malik Williams\malik-williams-2,Appalachian State,Sun Belt,3,7,96,13.7,0,3,8,2.7,0,10,104,10.4,0
176,Antoine Porter\antoine-porter-1,Eastern Michigan,MAC,2,10,136,13.6,1,0,0,,0,10,136,13.6,1
177,Shay Fields\shay-fields-1,Colorado,Pac-12,3,19,257,13.5,2,0,0,,0,19,257,13.5,2
178,Theo Howard\theo-howard-1,UCLA,Pac-12,3,13,175,13.5,2,0,0,,0,13,175,13.5,2
179,Tarik Black\tarik-black-1,Michigan,Big Ten,3,11,149,13.5,1,0,0,,0,11,149,13.5,1
180,Christian Booker\christian-booker-1,Arkansas State,Sun Belt,2,11,148,13.5,2,0,0,,0,11,148,13.5,2
181,Austin Mack\austin-mack-1,Ohio State,Big Ten,3,6,81,13.5,1,0,0,,0,6,81,13.5,1
182,Jaleel Scott\jaleel-scott-1,New Mexico State,Sun Belt,3,22,295,13.4,4,0,0,,0,22,295,13.4,4
183,Demornay Pierson-El\demornay-pierson-el-1,Nebraska,Big Ten,3,14,188,13.4,2,2,23,11.5,0,16,211,13.2,2
184,Garrett Dickerson\garrett-dickerson-1,Northwestern,Big Ten,3,14,188,13.4,0,1,-1,-1.0,0,15,187,12.5,0
185,Quintez Cephus\quintez-cephus-1,Wisconsin,Big Ten,3,10,134,13.4,3,0,0,,0,10,134,13.4,3
186,Tyler Hoppes\tyler-hoppes-1,Nebraska,Big Ten,3,7,94,13.4,0,0,0,,0,7,94,13.4,0
187,Caleb Wilson\caleb-wilson-2,UCLA,Pac-12,3,21,280,13.3,1,0,0,,0,21,280,13.3,1
188,Damon Mitchell\damon-mitchell-1,Rutgers,Big Ten,3,8,106,13.3,0,0,0,,0,8,106,13.3,0
189,Hayden Hurst\hayden-hurst-1,South Carolina,SEC,3,8,106,13.3,1,1,2,2.0,1,9,108,12.0,2
190,Kaden Smith\kaden-smith-1,Stanford,Pac-12,2,6,80,13.3,1,0,0,,0,6,80,13.3,1
191,Gabriel Davis\gabriel-davis-1,UCF,American,1,4,53,13.3,1,0,0,,0,4,53,13.3,1
192,Simmie Cobbs\simmie-cobbs-1,Indiana,Big Ten,2,16,211,13.2,2,0,0,,0,16,211,13.2,2
193,Davon Grayson\davon-grayson-1,East Carolina,American,3,13,171,13.2,1,1,4,4.0,0,14,175,12.5,1
194,Logan Hessbrook\logan-hessbrook-1,Central Michigan,MAC,3,10,132,13.2,1,0,0,,0,10,132,13.2,1
195,Anthony Mahoungou\anthony-mahoungou-1,Purdue,Big Ten,3,9,119,13.2,1,0,0,,0,9,119,13.2,1
196,Ryan Smith\ryan-smith-9,Miami (OH),MAC,2,9,119,13.2,2,0,0,,0,9,119,13.2,2
197,Darrell Stewart Jr.\darrell-stewart-jr-1,Michigan State,Big Ten,2,9,118,13.1,0,6,98,16.3,0,15,216,14.4,0
198,Garrett Johnson\garrett-johnson-3,Kentucky,SEC,3,8,105,13.1,0,1,11,11.0,0,9,116,12.9,0
199,Dylan Collie\dylan-collie-1,Hawaii,MWC,2,9,117,13.0,1,1,23,23.0,0,10,140,14.0,1
200,Felton Davis III\felton-davis-iii-1,Michigan State,Big Ten,2,8,104,13.0,2,0,0,,0,8,104,13.0,2
201,Tony Ellison\tony-ellison-1,Arizona,Pac-12,3,8,104,13.0,1,0,0,,0,8,104,13.0,1
202,Josh Pederson\josh-pederson-1,Louisiana-Monroe,Sun Belt,2,4,52,13.0,0,0,0,,0,4,52,13.0,0
203,Noah Togiai\noah-togiai-1,Oregon State,Pac-12,3,14,180,12.9,1,0,0,,0,14,180,12.9,1
204,Dillon Stoner\dillon-stoner-1,Oklahoma State,Big 12,3,11,142,12.9,1,0,0,,0,11,142,12.9,1
205,Greg Dortch\greg-dortch-1,Wake Forest,ACC,3,14,179,12.8,4,2,8,4.0,0,16,187,11.7,4
206,Riley Miller\riley-miller-1,Ball State,MAC,3,10,128,12.8,0,0,0,,0,10,128,12.8,0
207,Brandon Presley\brandon-presley-1,UNLV,MWC,2,4,51,12.8,0,0,0,,0,4,51,12.8,0
208,Damion Willis\damion-willis-1,Troy,Sun Belt,3,11,140,12.7,1,0,0,,0,11,140,12.7,1
209,Jon'Vea Johnson\jonvea-johnson-1,Toledo,MAC,3,9,114,12.7,0,0,0,,0,9,114,12.7,0
210,Myles Gaskin\myles-gaskin-1,Washington,Pac-12,3,7,89,12.7,2,24,153,6.4,3,31,242,7.8,5
211,Noah Fant\noah-fant-1,Iowa,Big Ten,3,7,89,12.7,3,1,-4,-4.0,0,8,85,10.6,3
212,Michael Gallup\michael-gallup-1,Colorado State,MWC,4,31,390,12.6,1,0,0,,0,31,390,12.6,1
213,Andre Wilson\andre-wilson-1,UAB,CUSA,3,8,101,12.6,1,0,0,,0,8,101,12.6,1
214,Christian Blake\christian-blake-1,Northern Illinois,MAC,3,8,101,12.6,1,5,12,2.4,0,13,113,8.7,1
215,Greg Campbell Jr.\greg-campbell-3,UTSA,CUSA,2,5,63,12.6,0,0,0,,0,5,63,12.6,0
216,Tavares Martin Jr\tavares-martin-jr-1,Washington State,Pac-12,3,22,276,12.5,4,0,0,,0,22,276,12.5,4
217,Justin Hall\justin-hall-3,Ball State,MAC,3,17,212,12.5,2,6,6,1.0,0,23,218,9.5,2
218,Kanawai Noa\kanawai-noa-1,California,Pac-12,3,11,137,12.5,0,0,0,,0,11,137,12.5,0
219,Chad Beebe\chad-beebe-1,Northern Illinois,MAC,2,10,125,12.5,0,1,-1,-1.0,0,11,124,11.3,0
220,Travis Homer\travis-homer-1,Miami (FL),ACC,1,2,25,12.5,0,11,108,9.8,0,13,133,10.2,0
221,Ka'Raun White\karaun-white-1,West Virginia,Big 12,3,14,173,12.4,2,0,0,,0,14,173,12.4,2
222,Jimmy Williams\jimmy-williams-9,East Carolina,American,3,11,136,12.4,1,1,2,2.0,0,12,138,11.5,1
223,Rafael Araujo-Lopes\rafael-araujo-lopes-1,Pitt,ACC,3,11,136,12.4,1,1,10,10.0,0,12,146,12.2,1
224,Grant Perry\grant-perry-1,Michigan,Big Ten,3,10,124,12.4,1,0,0,,0,10,124,12.4,1
225,D'Wayne Eskridge\dwayne-eskridge-1,Western Michigan,MAC,3,9,112,12.4,1,0,0,,0,9,112,12.4,1
226,Tevaris McCormick\tevaris-mccormick-1,Troy,Sun Belt,3,8,99,12.4,0,2,-2,-1.0,0,10,97,9.7,0
227,Terren Encalade\terren-encalade-1,Tulane,American,3,9,111,12.3,1,1,58,58.0,1,10,169,16.9,2
228,Deddrick Thomas\deddrick-thomas-1,Mississippi State,SEC,3,6,74,12.3,2,2,8,4.0,0,8,82,10.3,2
229,Chris Davis\chris-davis-12,New Mexico,MWC,3,13,158,12.2,1,0,0,,0,13,158,12.2,1
230,Jordan Cunningham\jordan-cunningham-1,North Carolina,ACC,3,10,121,12.1,0,0,0,,0,10,121,12.1,0
231,Jaelon Darden\jaelon-darden-1,North Texas,CUSA,3,8,97,12.1,1,0,0,,0,8,97,12.1,1
232,Matt Flanagan\matt-flanagan-1,Pitt,ACC,3,8,97,12.1,0,0,0,,0,8,97,12.1,0
233,Wyatt Demps\wyatt-demps-1,Nevada,MWC,3,16,192,12.0,3,0,0,,0,16,192,12.0,3
234,Dillon Mitchell\dillon-mitchell-1,Oregon,Pac-12,3,13,156,12.0,1,0,0,,0,13,156,12.0,1
235,Thurman Morbley\thurman-morbley-1,Texas State,Sun Belt,2,10,120,12.0,0,2,23,11.5,0,12,143,11.9,0
236,A.J. Taylor\aj-taylor-1,Wisconsin,Big Ten,3,6,72,12.0,1,0,0,,0,6,72,12.0,1
237,Russell Gage\russell-gage-1,LSU,SEC,3,6,72,12.0,0,8,31,3.9,0,14,103,7.4,0
238,Matt Sokol\matt-sokol-1,Michigan State,Big Ten,2,4,48,12.0,1,0,0,,0,4,48,12.0,1
239,KeeSean Johnson\keesean-johnson-1,Fresno State,MWC,3,19,226,11.9,0,0,0,,0,19,226,11.9,0
240,John Kelly\john-kelly-6,Tennessee,SEC,3,16,191,11.9,0,56,349,6.2,5,72,540,7.5,5
241,Connor Wedington\connor-wedington-1,Stanford,Pac-12,3,10,119,11.9,0,1,9,9.0,0,11,128,11.6,0
242,Ventell Bryant\ventell-bryant-1,Temple,American,2,9,107,11.9,0,0,0,,0,9,107,11.9,0
243,Jordan Veasy\jordan-veasy-1,California,Pac-12,3,7,83,11.9,1,0,0,,0,7,83,11.9,1
244,Stephen Carr\stephen-carr-2,USC,Pac-12,3,7,83,11.9,0,27,216,8.0,2,34,299,8.8,2
245,Detrich Clark\detrich-clark-1,Colorado State,MWC,4,16,189,11.8,2,4,16,4.0,0,20,205,10.3,2
246,Kobay White\kobay-white-1,Boston College,ACC,3,14,165,11.8,0,0,0,,0,14,165,11.8,0
247,Trever Ryen\trever-ryen-1,Iowa State,Big 12,3,13,154,11.8,0,0,0,,0,13,154,11.8,0
248,Deondre Douglas\deondre-douglas-1,Troy,Sun Belt,3,12,141,11.8,0,0,0,,0,12,141,11.8,0
249,Jonathan Ward\jonathan-ward-3,Central Michigan,MAC,3,10,118,11.8,1,40,239,6.0,1,50,357,7.1,2
250,Patrick Laird\patrick-laird-2,California,Pac-12,3,8,94,11.8,1,37,278,7.5,4,45,372,8.3,5
251,Xavier Lane\xavier-lane-1,Western Kentucky,CUSA,2,6,71,11.8,0,0,0,,0,6,71,11.8,0
252,Jordan Villamin\jordan-villamin-1,Oregon State,Pac-12,3,16,187,11.7,1,0,0,,0,16,187,11.7,1
253,Seth Dawkins\seth-dawkins-1,Louisville,ACC,3,11,129,11.7,0,0,0,,0,11,129,11.7,0
254,Jared Murphy\jared-murphy-1,Miami (OH),MAC,3,7,82,11.7,0,0,0,,0,7,82,11.7,0
255,Braxton Berrios\braxton-berrios-1,Miami (FL),ACC,1,3,35,11.7,1,0,0,,0,3,35,11.7,1
256,Terry McLaurin\terry-mclaurin-1,Ohio State,Big Ten,3,9,104,11.6,1,0,0,,0,9,104,11.6,1
257,Kahale Warring\kahale-warring-1,San Diego State,MWC,3,8,93,11.6,1,0,0,,0,8,93,11.6,1
258,Ryheem Malone\ryheem-malone-1,Louisiana-Lafayette,Sun Belt,3,17,196,11.5,2,1,2,2.0,0,18,198,11.0,2
259,Chris Murray\chris-murray-2,Arkansas State,Sun Belt,2,11,127,11.5,1,1,2,2.0,0,12,129,10.8,1
260,Renard Bell\renard-bell-1,Washington State,Pac-12,3,10,115,11.5,0,0,0,,0,10,115,11.5,0
261,Andre Baccellia\andre-baccellia-1,Washington,Pac-12,2,6,69,11.5,0,0,0,,0,6,69,11.5,0
262,Jordan Mims\jordan-mims-1,Fresno State,MWC,3,6,69,11.5,0,16,57,3.6,1,22,126,5.7,1
263,K.J. Osborn\kj-osborn-1,Buffalo,MAC,3,6,69,11.5,0,0,0,,0,6,69,11.5,0
264,John Niupalau\john-niupalau-1,Eastern Michigan,MAC,2,4,46,11.5,0,0,0,,0,4,46,11.5,0
265,Steve Ishmael\steve-ishmael-1,Syracuse,ACC,3,34,389,11.4,0,0,0,,0,34,389,11.4,0
266,Corey Willis\corey-willis-1,Central Michigan,MAC,2,16,183,11.4,1,0,0,,0,16,183,11.4,1
267,D.J. Brown\dj-brown-3,Northern Illinois,MAC,3,12,137,11.4,1,3,14,4.7,0,15,151,10.1,1
268,Chase Harrell\chase-harrell-1,Kansas,Big 12,3,10,114,11.4,2,0,0,,0,10,114,11.4,2
269,Samuel Stewart\samuel-stewart-1,Rice,CUSA,3,9,103,11.4,0,33,156,4.7,0,42,259,6.2,0
270,Matt Bushman\matt-bushman-1,Brigham Young,Ind,4,14,158,11.3,0,0,0,,0,14,158,11.3,0
271,Mike Dudek\mike-dudek-1,Illinois,Big Ten,3,14,158,11.3,1,0,0,,0,14,158,11.3,1
272,Sean Savoy\sean-savoy-1,Virginia Tech,ACC,3,12,136,11.3,1,4,7,1.8,0,16,143,8.9,1
273,Trenton Irwin\trenton-irwin-1,Stanford,Pac-12,3,10,113,11.3,0,0,0,,0,10,113,11.3,0
274,Shaun Nixon\shaun-nixon-1,Texas Christian,Big 12,3,7,79,11.3,1,2,5,2.5,0,9,84,9.3,1
275,Dezmon Patmon\dezmon-patmon-1,Washington State,Pac-12,1,6,68,11.3,0,0,0,,0,6,68,11.3,0
276,Kelvin Harmon\kelvin-harmon-1,North Carolina State,ACC,3,24,268,11.2,1,0,0,,0,24,268,11.2,1
277,Teo Redding\teo-redding-1,Bowling Green State,MAC,3,10,112,11.2,1,0,0,,0,10,112,11.2,1
278,Alize Mack\alize-mack-1,Notre Dame,Ind,3,9,101,11.2,0,0,0,,0,9,101,11.2,0
279,Kadarius Toney\kadarius-toney-1,Florida,SEC,2,6,67,11.2,0,1,5,5.0,0,7,72,10.3,0
280,N'Keal Harry\nkeal-harry-1,Arizona State,Pac-12,3,24,266,11.1,2,2,15,7.5,0,26,281,10.8,2
281,Thomas Geddis\thomas-geddis-1,Cincinnati,American,3,9,100,11.1,1,0,0,,0,9,100,11.1,1
282,Ammon Barker\ammon-barker-1,Hawaii,MWC,2,7,78,11.1,0,0,0,,0,7,78,11.1,0
283,Tony Gaiter IV\tony-gaiter-iv-1,Florida International,CUSA,2,7,78,11.1,0,0,0,,0,7,78,11.1,0
284,Scott Miller\scott-miller-3,Bowling Green State,MAC,3,11,121,11.0,1,0,0,,0,11,121,11.0,1
285,DeAndre Thompkins\deandre-thompkins-1,Penn State,Big Ten,3,6,66,11.0,0,0,0,,0,6,66,11.0,0
286,Jester Weah\jester-weah-1,Pitt,ACC,2,7,76,10.9,1,0,0,,0,7,76,10.9,1
287,Kavika Johnson\kavika-johnson-1,UTEP,CUSA,3,7,76,10.9,0,3,-9,-3.0,0,10,67,6.7,0
288,Richie James\richie-james-1,Middle Tennessee State,CUSA,3,19,206,10.8,2,5,39,7.8,0,24,245,10.2,2
289,Talon Shumway\talon-shumway-1,Brigham Young,Ind,4,12,130,10.8,0,0,0,,0,12,130,10.8,0
290,Reggie Hemphill-Mapps\reggie-hemphill-mapps-1,Texas,Big 12,3,12,129,10.8,0,2,14,7.0,0,14,143,10.2,0
291,Steven Dunbar\steven-dunbar-1,Houston,American,2,12,129,10.8,0,0,0,,0,12,129,10.8,0
292,Kendrick Edwards\kendrick-edwards-1,Arkansas State,Sun Belt,2,11,119,10.8,1,0,0,,0,11,119,10.8,1
293,Jhamon Ausbon\jhamon-ausbon-1,Texas A&M,SEC,3,10,108,10.8,1,0,0,,0,10,108,10.8,1
294,Charlie Callinan\charlie-callinan-1,Boston College,ACC,3,9,97,10.8,2,0,0,,0,9,97,10.8,2
295,Isaiah Jones\isaiah-jones-1,Southern Mississippi,CUSA,3,6,65,10.8,0,0,0,,0,6,65,10.8,0
296,Devin Butler\devin-butler-2,Syracuse,ACC,2,7,75,10.7,0,0,0,,0,7,75,10.7,0
297,Jordan Myers\jordan-myers-1,Rice,CUSA,3,7,75,10.7,0,3,29,9.7,1,10,104,10.4,1
298,Johnathan Lloyd\johnathan-lloyd-1,Duke,ACC,3,8,85,10.6,1,0,0,,0,8,85,10.6,1
299,Quay Johnson\quay-johnson-1,East Carolina,American,3,8,85,10.6,0,0,0,,0,8,85,10.6,0
300,Stephen Louis\stephen-louis-1,North Carolina State,ACC,3,16,168,10.5,1,1,-6,-6.0,0,17,162,9.5,1
301,Brayden Lenius\brayden-lenius-1,Washington,Pac-12,3,6,63,10.5,0,0,0,,0,6,63,10.5,0
302,Jalin Moore\jalin-moore-1,Appalachian State,Sun Belt,3,6,63,10.5,0,31,109,3.5,1,37,172,4.6,1
303,John Okwoli\john-okwoli-1,Wyoming,MWC,3,7,73,10.4,0,0,0,,0,7,73,10.4,0
304,Willie Johnson\willie-johnson-5,Marshall,CUSA,3,14,144,10.3,1,0,0,,0,14,144,10.3,1
305,Mike Gesicki\mike-gesicki-1,Penn State,Big Ten,3,12,123,10.3,4,0,0,,0,12,123,10.3,4
306,Taz Bateman\taz-bateman-1,Georgia State,Sun Belt,2,9,93,10.3,1,40,131,3.3,0,49,224,4.6,1
307,Jokobi Meyers\jokobi-meyers-1,North Carolina State,ACC,2,7,72,10.3,1,0,0,,0,7,72,10.3,1
308,CJ O'Grady\cj-ogrady-1,Arkansas,SEC,2,4,41,10.3,1,0,0,,0,4,41,10.3,1
309,Otis Anderson\otis-anderson-1,UCF,American,1,3,31,10.3,0,0,0,,0,3,31,10.3,0
310,Kahlil Lewis\kahlil-lewis-1,Cincinnati,American,3,15,153,10.2,3,0,0,,0,15,153,10.2,3
311,Binjimen Victor\binjimen-victor-1,Ohio State,Big Ten,3,6,61,10.2,1,0,0,,0,6,61,10.2,1
312,Linell Bonner\linell-bonner-1,Houston,American,2,19,191,10.1,1,0,0,,0,19,191,10.1,1
313,Nick Easley\nick-easley-1,Iowa,Big Ten,3,16,162,10.1,2,0,0,,0,16,162,10.1,2
314,Christian Kirk\christian-kirk-1,Texas A&M,SEC,3,14,141,10.1,2,3,27,9.0,0,17,168,9.9,2
315,Deon Yelder\deon-yelder-1,Western Kentucky,CUSA,3,11,111,10.1,0,0,0,,0,11,111,10.1,0
316,Micah Holder\micah-holder-1,San Diego State,MWC,3,11,111,10.1,0,0,0,,0,11,111,10.1,0
317,Malik Williams\malik-williams-1,Louisville,ACC,3,7,71,10.1,0,19,184,9.7,0,26,255,9.8,0
318,Patrick Smith\patrick-smith-1,Middle Tennessee State,CUSA,3,11,110,10.0,0,0,0,,0,11,110,10.0,0
319,Jeremy Cox\jeremy-cox-1,Old Dominion,CUSA,3,10,100,10.0,0,53,158,3.0,0,63,258,4.1,0
320,Matt Vandeberg\matt-vandeberg-1,Iowa,Big Ten,3,8,80,10.0,1,0,0,,0,8,80,10.0,1
321,Tyler Petite\tyler-petite-1,USC,Pac-12,3,8,80,10.0,0,0,0,,0,8,80,10.0,0
322,Demetris Robertson\demetris-robertson-1,California,Pac-12,2,7,70,10.0,0,2,40,20.0,1,9,110,12.2,1
323,Ethan Wolf\ethan-wolf-1,Tennessee,SEC,3,7,70,10.0,1,0,0,,0,7,70,10.0,1
324,Josh Stewart\josh-stewart-2,UTSA,CUSA,2,7,70,10.0,2,0,0,,0,7,70,10.0,2
325,Quayvon Skanes\quayvon-skanes-1,Connecticut,American,2,6,60,10.0,0,1,1,1.0,0,7,61,8.7,0
326,Hunter Renfrow\hunter-renfrow-1,Clemson,ACC,3,15,149,9.9,0,0,0,,0,15,149,9.9,0
327,Van Jefferson\van-jefferson-1,Ole Miss,SEC,3,15,148,9.9,0,0,0,,0,15,148,9.9,0
328,Da'Mari Scott\damari-scott-1,Fresno State,MWC,3,14,139,9.9,1,2,10,5.0,0,16,149,9.3,1
329,Isaiah Zuber\isaiah-zuber-1,Kansas State,Big 12,3,13,129,9.9,1,0,0,,0,13,129,9.9,1
330,David Montgomery\david-montgomery-1,Iowa State,Big 12,3,10,99,9.9,0,56,322,5.8,4,66,421,6.4,4
331,Keenen Johnson\keenen-johnson-1,Tulsa,American,3,18,176,9.8,0,0,0,,0,18,176,9.8,0
332,Bryan Edwards\bryan-edwards-1,South Carolina,SEC,3,15,147,9.8,0,0,0,,0,15,147,9.8,0
333,Kyle Sweet\kyle-sweet-1,Washington State,Pac-12,3,14,137,9.8,1,0,0,,0,14,137,9.8,1
334,KaVontae Turpin\kavontae-turpin-1,Texas Christian,Big 12,3,12,118,9.8,1,2,37,18.5,1,14,155,11.1,2
335,Kendal Keys\kendal-keys-1,UNLV,MWC,1,5,49,9.8,0,0,0,,0,5,49,9.8,0
336,T.J. Rahming\tj-rahming-1,Duke,ACC,3,18,175,9.7,0,0,0,,0,18,175,9.7,0
337,Armanti Foreman\armanti-foreman-1,Texas,Big 12,3,15,146,9.7,3,2,12,6.0,0,17,158,9.3,3
338,Flynn Nagel\flynn-nagel-1,Northwestern,Big Ten,3,10,97,9.7,0,0,0,,0,10,97,9.7,0
339,Justin Jackson\justin-jackson-5,Northwestern,Big Ten,3,9,87,9.7,0,55,248,4.5,4,64,335,5.2,4
340,Spencer Tears\spencer-tears-1,Northern Illinois,MAC,3,9,87,9.7,1,0,0,,0,9,87,9.7,1
341,Jason Huntley\jason-huntley-1,New Mexico State,Sun Belt,2,7,68,9.7,1,7,88,12.6,1,14,156,11.1,2
342,David Lucero\david-lucero-1,UTEP,CUSA,3,6,58,9.7,0,0,0,,0,6,58,9.7,0
343,Marshall Elick\marshall-elick-1,Temple,American,2,6,58,9.7,0,0,0,,0,6,58,9.7,0
344,Nyqwan Murray\nyqwan-murray-1,Florida State,ACC,1,3,29,9.7,0,0,0,,0,3,29,9.7,0
345,Olamide Zaccheaus\olamide-zaccheaus-1,Virginia,ACC,3,26,250,9.6,2,4,47,11.8,0,30,297,9.9,2
346,Isaiah Johnson-Mack\isaiah-johnson-mack-1,Washington State,Pac-12,3,22,211,9.6,2,0,0,,0,22,211,9.6,2
347,Bryce Bobo\bryce-bobo-1,Colorado,Pac-12,3,21,201,9.6,2,0,0,,0,21,201,9.6,2
348,Eli Stove\eli-stove-1,Auburn,SEC,3,7,67,9.6,0,3,13,4.3,0,10,80,8.0,0
349,Brandon Powell\brandon-powell-1,Florida,SEC,2,5,48,9.6,1,0,0,,0,5,48,9.6,1
350,Austin Conway\austin-conway-1,Wyoming,MWC,3,22,209,9.5,1,1,3,3.0,0,23,212,9.2,1
351,Donald Gray\donald-gray-1,Mississippi State,SEC,3,10,95,9.5,1,0,0,,0,10,95,9.5,1
352,Justin Stockton\justin-stockton-1,Texas Tech,Big 12,2,6,57,9.5,0,20,94,4.7,2,26,151,5.8,2
353,Jacob Sannon\jacob-sannon-1,Idaho,Sun Belt,3,19,179,9.4,1,0,0,,0,19,179,9.4,1
354,Allen Lazard\allen-lazard-1,Iowa State,Big 12,3,19,178,9.4,3,0,0,,0,19,178,9.4,3
355,Janarion Grant\janarion-grant-1,Rutgers,Big Ten,3,12,113,9.4,1,2,3,1.5,0,14,116,8.3,1
356,OJ Clark\oj-clark-1,New Mexico State,Sun Belt,2,9,85,9.4,1,0,0,,0,9,85,9.4,1
357,Nacarius Fant\nacarius-fant-1,Western Kentucky,CUSA,3,18,167,9.3,0,0,0,,0,18,167,9.3,0
358,Samson Nacua\samson-nacua-1,Utah,Pac-12,3,14,130,9.3,0,1,3,3.0,0,15,133,8.9,0
359,Cameron Batson\cameron-batson-1,Texas Tech,Big 12,2,12,112,9.3,1,0,0,,0,12,112,9.3,1
360,Jordan Chunn\jordan-chunn-1,Troy,Sun Belt,3,11,102,9.3,0,44,189,4.3,4,55,291,5.3,4
361,Ian Thomas\ian-thomas-3,Indiana,Big Ten,2,9,84,9.3,2,0,0,,0,9,84,9.3,2
362,Jeff Smith\jeff-smith-10,Boston College,ACC,3,9,84,9.3,0,3,26,8.7,0,12,110,9.2,0
363,Boston Scott\boston-scott-1,Louisiana Tech,CUSA,3,7,65,9.3,0,30,180,6.0,0,37,245,6.6,0
364,Shane Tucker\shane-tucker-1,Middle Tennessee State,CUSA,3,7,65,9.3,1,3,22,7.3,0,10,87,8.7,1
365,Anthony Young\anthony-young-4,Akron,MAC,3,6,56,9.3,0,0,0,,0,6,56,9.3,0
366,Jake Thomas\jake-thomas-1,Mississippi State,SEC,3,6,56,9.3,1,0,0,,0,6,56,9.3,1
367,Josh Aganon\josh-aganon-1,New Mexico State,Sun Belt,2,6,56,9.3,0,0,0,,0,6,56,9.3,0
368,Jackson Anthrop\jackson-anthrop-1,Purdue,Big Ten,3,17,157,9.2,4,3,9,3.0,0,20,166,8.3,4
369,Isaiah Hodgins\isaiah-hodgins-1,Oregon State,Pac-12,4,17,156,9.2,1,0,0,,0,17,156,9.2,1
370,Omar Bayless\omar-bayless-1,Arkansas State,Sun Belt,2,10,92,9.2,1,0,0,,0,10,92,9.2,1
371,Bo Scarbrough\bo-scarbrough-1,Alabama,SEC,3,6,55,9.2,0,33,142,4.3,1,39,197,5.1,1
372,Marcel Williams\marcel-williams-2,Marshall,CUSA,3,17,155,9.1,1,1,3,3.0,0,18,158,8.8,1
373,Josh Oliver\josh-oliver-1,San Jose State,MWC,3,12,109,9.1,0,0,0,,0,12,109,9.1,0
374,Dimetrios Mason\dimetrios-mason-1,Missouri,SEC,3,11,100,9.1,0,1,19,19.0,0,12,119,9.9,0
375,Jerome Washington\jerome-washington-1,Rutgers,Big Ten,3,12,108,9.0,1,0,0,,0,12,108,9.0,1
376,Jordan Nathan\jordan-nathan-1,Utah State,MWC,3,11,99,9.0,1,4,13,3.3,0,15,112,7.5,1
377,Trey Hartley\trey-hartley-1,San Jose State,MWC,4,9,81,9.0,1,0,0,,0,9,81,9.0,1
378,A.J. Richardson\aj-richardson-1,Boise State,MWC,3,8,72,9.0,0,0,0,,0,8,72,9.0,0
379,Qadree Ollison\oadree-ollison-1,Pitt,ACC,3,8,72,9.0,0,44,193,4.4,2,52,265,5.1,2
380,CJ Windham\cj-windham-1,Middle Tennessee State,CUSA,3,6,54,9.0,0,0,0,,0,6,54,9.0,0
381,Justin Rankin\justin-rankin-1,Kent State,MAC,3,6,54,9.0,1,21,86,4.1,0,27,140,5.2,1
382,Ky'Jon Tyler\kyjon-tyler-1,Coastal Carolina,Sun Belt,2,6,54,9.0,0,4,10,2.5,0,10,64,6.4,0
383,Teddy Veal\teddy-veal-1,Louisiana Tech,CUSA,3,15,133,8.9,0,0,0,,0,15,133,8.9,0
384,Anthony Muse\anthony-muse-1,New Mexico State,Sun Belt,3,12,107,8.9,0,0,0,,0,12,107,8.9,0
385,Antwan Davis\antwan-davis-2,Ball State,MAC,3,8,71,8.9,0,0,0,,0,8,71,8.9,0
386,Malik Turner\malik-turner-1,Illinois,Big Ten,3,11,97,8.8,0,0,0,,0,11,97,8.8,0
387,Shi Smith\shi-smith-1,South Carolina,SEC,3,8,70,8.8,0,0,0,,0,8,70,8.8,0
388,Donnie Ernsberger\donnie-ernsberger-1,Western Michigan,MAC,3,6,53,8.8,0,0,0,,0,6,53,8.8,0
389,Ervin Phillips\ervin-phillips-1,Syracuse,ACC,3,16,139,8.7,1,2,13,6.5,0,18,152,8.4,1
390,Charles Standberry\charles-standberry-1,Louisville,ACC,3,7,61,8.7,1,0,0,,0,7,61,8.7,1
391,John Diarse\john-diarse-1,Texas Christian,Big 12,3,7,61,8.7,0,0,0,,0,7,61,8.7,0
392,Ryan Schadler\ryan-schadler-1,Kansas,Big 12,2,7,61,8.7,0,1,33,33.0,1,8,94,11.8,1
393,Corey Lacanaria\corey-lacanaria-1,Ball State,MAC,3,9,77,8.6,0,0,0,,0,9,77,8.6,0
394,Deondre Farrier\deondre-farrier-1,East Carolina,American,2,9,77,8.6,0,0,0,,0,9,77,8.6,0
395,Josh Adams\josh-adams-2,Notre Dame,Ind,3,8,69,8.6,0,56,443,7.9,2,64,512,8.0,2
396,Xavier Brown\xavier-brown-2,Louisiana-Monroe,Sun Belt,2,7,60,8.6,1,0,0,,0,7,60,8.6,1
397,Jaylen Samuels\jaylen-samuels-1,North Carolina State,ACC,3,26,220,8.5,2,8,38,4.8,3,34,258,7.6,5
398,Ty Lee\ty-lee-1,Middle Tennessee State,CUSA,3,13,111,8.5,1,27,70,2.6,1,40,181,4.5,2
399,Thomas Hennigan\thomas-hennigan-1,Appalachian State,Sun Belt,3,12,102,8.5,1,0,0,,0,12,102,8.5,1
400,Ron'Quavion Tarver\ronquavion-tarver-1,Utah State,MWC,3,14,118,8.4,1,0,0,,0,14,118,8.4,1
401,K.J. Hill\kj-hill-1,Ohio State,Big Ten,3,15,124,8.3,0,1,0,0.0,0,16,124,7.8,0
402,C.J. Duncan\cj-duncan-1,Vanderbilt,SEC,3,12,100,8.3,1,0,0,,0,12,100,8.3,1
403,Jonathan Haden\jonathan-haden-1,UAB,CUSA,3,6,49,8.2,0,12,67,5.6,0,18,116,6.4,0
404,James Williams\james-williams-13,Washington State,Pac-12,3,27,220,8.1,2,28,122,4.4,0,55,342,6.2,2
405,Walter Dawn\walter-dawn-1,UTEP,CUSA,3,7,57,8.1,0,20,85,4.3,1,27,142,5.3,1
406,Rueben Mwehla\rueben-mwehla-1,Idaho,Sun Belt,3,11,88,8.0,2,0,0,,0,11,88,8.0,2
407,Dom Williams\dom-williams-2,Kansas,Big 12,3,6,48,8.0,0,32,110,3.4,3,38,158,4.2,3
408,Giovanni Ricci\giovanni-ricci-1,Western Michigan,MAC,2,9,71,7.9,0,0,0,,0,9,71,7.9,0
409,Evan Butts\evan-butts-1,Virginia,ACC,2,8,63,7.9,0,0,0,,0,8,63,7.9,0
410,Emanuel Thompson\emanuel-thompson-1,Troy,Sun Belt,3,14,109,7.8,0,0,0,,0,14,109,7.8,0
411,Ito Smith\ito-smith-1,Southern Mississippi,CUSA,3,14,109,7.8,0,60,333,5.6,2,74,442,6.0,2
412,Joe Reed\joe-reed-4,Virginia,ACC,3,9,70,7.8,1,2,7,3.5,0,11,77,7.0,1
413,Blake Mack\blake-mack-1,Arkansas State,Sun Belt,2,8,62,7.8,2,0,0,,0,8,62,7.8,2
414,Penny Hart\penny-hart-1,Georgia State,Sun Belt,2,12,92,7.7,0,2,9,4.5,0,14,101,7.2,0
415,Rashaad Penny\rashaad-penny-1,San Diego State,MWC,3,9,69,7.7,1,71,588,8.3,4,80,657,8.2,5
416,Cameron Smith\cameron-smith-2,Notre Dame,Ind,2,7,54,7.7,0,1,12,12.0,0,8,66,8.3,0
417,Quan Hampton\quan-hampton-1,Kansas,Big 12,3,15,114,7.6,0,1,13,13.0,0,16,127,7.9,0
418,Gregory Phillips\gregory-phillips-1,Purdue,Big Ten,3,12,91,7.6,0,1,21,21.0,0,13,112,8.6,0
419,Ryan Nall\ryan-nail-1,Oregon State,Pac-12,4,10,76,7.6,0,53,323,6.1,4,63,399,6.3,4
420,Conner Cramer\conner-cramer-1,New Mexico State,Sun Belt,2,8,61,7.6,0,0,0,,0,8,61,7.6,0
421,Michael Jacquet\michael-jacquet-1,Louisiana-Lafayette,Sun Belt,3,8,61,7.6,0,0,0,,0,8,61,7.6,0
422,Zack Moss\zack-moss-1,Utah,Pac-12,3,8,61,7.6,0,44,192,4.4,2,52,253,4.9,2
423,Demetrius Douglas\demetrius-douglas-2,Minnesota,Big Ten,3,11,83,7.5,0,2,3,1.5,0,13,86,6.6,0
424,Brandon Johnson\brandon-johnson-11,Tennessee,SEC,3,11,82,7.5,1,0,0,,0,11,82,7.5,1
425,Jake Roh\jake-roh-1,Boise State,MWC,3,6,45,7.5,3,1,6,6.0,1,7,51,7.3,4
426,Kelvin Smith\kelvin-smith-3,North Texas,CUSA,3,6,45,7.5,0,0,0,,0,6,45,7.5,0
427,Tra'Von Chapman\travon-chapman-1,Akron,MAC,3,16,118,7.4,0,0,0,,0,16,118,7.4,0
428,Jamire Calvin\jamire-calvin-1,Washington State,Pac-12,3,8,59,7.4,1,0,0,,0,8,59,7.4,1
429,Quin Jernighan\quin-jernighan-1,Western Kentucky,CUSA,2,8,59,7.4,0,0,0,,0,8,59,7.4,0
430,Dijon Paschal\dijon-paschal-1,Arkansas State,Sun Belt,2,7,52,7.4,0,0,0,,0,7,52,7.4,0
431,Marcus Green\marcus-green-6,Louisiana-Monroe,Sun Belt,2,5,37,7.4,1,2,31,15.5,0,7,68,9.7,1
432,Emmanuel Logan-Greene\emmanuel-logan-greene-1,UCF,American,1,3,22,7.3,0,0,0,,0,3,22,7.3,0
433,Bryce Wolma\bryce-wolma-1,Arizona,Pac-12,2,11,79,7.2,1,0,0,,0,11,79,7.2,1
434,Tony Nicholson\tony-nicholson-1,Baylor,Big 12,3,9,64,7.1,0,1,31,31.0,0,10,95,9.5,0
435,Gregory Hogan\gregory-hogan-1,New Mexico State,Sun Belt,2,7,50,7.1,0,0,0,,0,7,50,7.1,0
436,Keith Gavin\keith-gavin-1,Florida State,ACC,1,7,50,7.1,0,1,6,6.0,0,8,56,7.0,0
437,Jordan Wilkins\jordan-wilkins-1,Ole Miss,SEC,3,10,70,7.0,1,29,105,3.6,1,39,175,4.5,2
438,Ryan Yurachek\ryan-yurachek-1,Marshall,CUSA,3,8,56,7.0,0,0,0,,0,8,56,7.0,0
439,Keyion Dixon\keyion-dixon-1,Connecticut,American,2,7,49,7.0,0,1,4,4.0,0,8,53,6.6,0
440,Brandon Fritts\brandon-fritts-1,North Carolina,ACC,2,6,42,7.0,2,0,0,,0,6,42,7.0,2
441,Raelon Singleton\raelon-singleton-1,Utah,Pac-12,3,6,42,7.0,1,0,0,,0,6,42,7.0,1
442,Larry Rose III\larry-rose-iii-1,New Mexico State,Sun Belt,3,16,110,6.9,0,46,228,5.0,0,62,338,5.5,0
443,Luke Timian\luke-timian-1,Indiana,Big Ten,2,14,97,6.9,0,0,0,,0,14,97,6.9,0
444,Devin Singletary\devin-singletary-1,Florida Atlantic,CUSA,3,7,48,6.9,0,34,203,6.0,2,41,251,6.1,2
445,Demari Simpkins\demari-simpkins-1,Utah,Pac-12,3,6,40,6.7,0,0,0,,0,6,40,6.7,0
446,Mecole Hardman\mecole-hardman-1,Georgia,SEC,3,6,40,6.7,1,2,7,3.5,0,8,47,5.9,1
447,Mike Majette\mike-majette-1,Indiana,Big Ten,2,6,40,6.7,0,19,21,1.1,0,25,61,2.4,0
448,Ryan Davis\ryan-davis-5,Auburn,SEC,3,19,123,6.5,1,0,0,,0,19,123,6.5,1
449,Justice Hill\justice-hill-1,Oklahoma State,Big 12,3,9,58,6.4,0,37,250,6.8,3,46,308,6.7,3
450,Michael Walker\michael-walker-2,Boston College,ACC,3,12,75,6.3,1,0,0,,0,12,75,6.3,1
451,Jordon Brown\jordon-brown-1,North Carolina,ACC,3,10,61,6.1,0,36,202,5.6,2,46,263,5.7,2
452,John Leday\john-leday-1,Houston,American,2,11,66,6.0,1,0,0,,0,11,66,6.0,1
453,Kenny Young\kenny-young-2,Miami (OH),MAC,3,6,36,6.0,1,38,129,3.4,1,44,165,3.8,2
454,LJ Scott\lj-scott-2,Michigan State,Big Ten,2,4,24,6.0,1,33,125,3.8,1,37,149,4.0,2
455,Jacques Patrick\jacques-patrick-1,Florida State,ACC,1,2,12,6.0,0,6,17,2.8,0,8,29,3.6,0
456,Marquis Young\marquis-young-1,Massachusetts,Ind,4,12,71,5.9,0,60,225,3.8,4,72,296,4.1,4
457,Nyheim Hines\nyheim-hines-1,North Carolina State,ACC,3,9,53,5.9,0,39,202,5.2,2,48,255,5.3,2
458,Trent Bostick\trent-bostick-1,Charlotte,CUSA,3,6,35,5.8,1,0,0,,0,6,35,5.8,1
459,Maurice Ffrench\maurice-ffrench-1,Pitt,ACC,3,8,44,5.5,0,4,42,10.5,0,12,86,7.2,0
460,Nolan Givan\nolan-givan-1,Ball State,MAC,3,8,44,5.5,2,0,0,,0,8,44,5.5,2
461,Tyjon Lindsey\tyjon-lindsey-1,Nebraska,Big Ten,3,8,44,5.5,0,2,5,2.5,0,10,49,4.9,0
462,Henry Bussey\henry-bussey-1,Florida Atlantic,CUSA,3,7,38,5.4,0,0,0,,0,7,38,5.4,0
463,Mike Boone\mike-boone-2,Cincinnati,American,2,7,37,5.3,0,31,144,4.6,2,38,181,4.8,2
464,Gemonta Jackson\gemonta-jackson-1,Old Dominion,CUSA,3,6,32,5.3,0,11,65,5.9,1,17,97,5.7,1
465,Nick Ralston\nick-ralston-1,Arizona State,Pac-12,2,6,32,5.3,0,3,18,6.0,0,9,50,5.6,0
466,Gerard Wicks\gerard-wicks-1,Washington State,Pac-12,3,6,31,5.2,0,9,45,5.0,1,15,76,5.1,1
467,Troy McCormick\troy-mccormick-1,Utah,Pac-12,3,10,51,5.1,0,8,63,7.9,0,18,114,6.3,0
468,Jamal Morrow\jamal-morrow-1,Washington State,Pac-12,3,9,46,5.1,2,17,120,7.1,1,26,166,6.4,3
469,Shaun Wilson\shaun-wilson-1,Duke,ACC,3,7,36,5.1,0,41,301,7.3,4,48,337,7.0,4
470,Lajuan Hunt\lajuan-hunt-1,Utah State,MWC,3,7,35,5.0,0,27,83,3.1,1,34,118,3.5,1
471,Reggie Roberson Jr.\reggie-roberson-jr-1,West Virginia,Big 12,3,6,30,5.0,1,0,0,,0,6,30,5.0,1
472,Aleva Hifo\aleva-hifo-1,Brigham Young,Ind,3,9,44,4.9,0,0,0,,0,9,44,4.9,0
473,Tyraiq Beals\tyraiq-beals-1,Connecticut,American,2,9,40,4.4,0,0,0,,0,9,40,4.4,0
474,Reggie Bonnafon\reggie-bonnafon-1,Louisville,ACC,3,6,26,4.3,0,20,72,3.6,1,26,98,3.8,1
475,Tyler Watts\tyler-watts-2,Texas State,Sun Belt,3,7,29,4.1,0,1,3,3.0,0,8,32,4.0,0
476,Mark Walton\mark-walton-1,Miami (FL),ACC,1,2,8,4.0,0,16,148,9.3,2,18,156,8.7,2
477,Mikale Wilbon\mikale-wilbon-1,Nebraska,Big Ten,3,7,25,3.6,0,29,113,3.9,2,36,138,3.8,2
478,Jeffrey Wilson\jeffrey-wilson-2,North Texas,CUSA,3,9,31,3.4,0,37,307,8.3,5,46,338,7.3,5
479,Jon Hilliman\jon-hilliman-1,Boston College,ACC,3,7,13,1.9,1,55,203,3.7,0,62,216,3.5,1
480,Warren Ball\warren-ball-1,Akron,MAC,3,6,11,1.8,1,44,213,4.8,3,50,224,4.5,4
481,Ravian Pierce\ravian-pierce-1,Syracuse,ACC,3,6,9,1.5,2,0,0,,0,6,9,1.5,2
482,Daniel Hamm\daniel-hamm-1,Virginia,ACC,3,9,9,1.0,0,15,54,3.6,1,24,63,2.6,1
